tuning_rank,configuration_id,n_estimators,max_depth,min_samples_leaf,max_features,pooled_MAE_ML,pooled_RMSE_ML,pooled_MAPE_percent,pooled_R2,mean_yearly_MAE_ML,std_yearly_MAE_ML,worst_yearly_MAE_ML
1,22,300,None,2,0.8,46.60092732184654,67.58549580953728,3.7992598808551747,0.8421585103449101,46.59996135096052,1.4983155728426123,48.36382418883992
2,19,300,None,2,0.6,46.65404208249157,67.81481192462033,3.7988326388273097,0.8410855877537896,46.653194203162464,1.4534273452212765,48.201421858120646
3,10,300,12,2,0.6,46.72226566178056,67.78118958986894,3.8029814208247776,0.8412431270545893,46.721368608840876,1.532727746482285,48.35938727669772
4,13,300,12,2,0.8,46.85369212884613,67.9185650073071,3.8171181721378655,0.8405989544516105,46.852681842837214,1.6928528145175603,48.697464095106895
5,25,300,None,2,1.0,47.07627984305255,68.15885950098443,3.8372580888249233,0.8394690439040257,47.07525481887116,1.4013547968371285,48.94694897409308
6,16,300,12,2,1.0,47.14657196421553,68.19155464885716,3.843550347145266,0.8393149966610536,47.145484501130824,1.4871163660062905,49.13119209380684
7,1,300,8,2,0.6,47.33918861409382,68.30161778940762,3.85830578181695,0.8387958775810156,47.33816349518383,1.8413172254034098,49.22234119513842
8,4,300,8,2,0.8,47.52772639308235,68.27034138012012,3.874478331025356,0.8389434796992196,47.526827040514256,1.9465837719580008,49.486465688074155
9,11,300,12,5,0.6,47.5366341469145,69.05055660230047,3.866364769326749,0.835241234175545,47.53607194122001,1.1593935785927654,48.73016356008201
10,20,300,None,5,0.6,47.57346685906644,69.10927790926743,3.8680763450880034,0.8349608899079248,47.57292145152926,1.1984201361918287,48.88767702193387
11,14,300,12,5,0.8,47.796327722080704,69.36461946269829,3.888559255197336,0.8337390801914017,47.79561709368234,1.1988102022884313,49.09322454910366
12,7,300,8,2,1.0,47.8302650917597,68.70682720771993,3.9014266756233678,0.836877469341245,47.829180279060125,1.7630020549349334,49.81004826849277
13,23,300,None,5,0.8,47.863244040491196,69.52645645924945,3.8932435260061493,0.8329623569242061,47.86262183529744,1.261282650379215,49.072413787677256
14,2,300,8,5,0.6,47.88431708746248,69.24963550219044,3.897420066076293,0.834289836297975,47.883589543962785,1.311937011218865,49.21208397441353
15,5,300,8,5,0.8,48.02107175674263,69.32454704018257,3.909802876492427,0.8339311248792601,48.020560795646915,1.5122605483628906,49.91585859647101
16,26,300,None,5,1.0,48.187873469921946,69.7647422350144,3.922250576309963,0.8318154294483545,48.18719563738469,0.9678352962460433,49.42491785041172
17,17,300,12,5,1.0,48.23646867951175,69.79165608323976,3.9263965394313636,0.8316856399020519,48.235815953477214,0.9545377637929015,49.42769369254535
18,8,300,8,5,1.0,48.75955215162588,70.15704723314352,3.9721018704319855,0.8299186215268395,48.758831068277665,1.2713896280821058,50.075529262141
19,21,300,None,10,0.6,48.83831117693343,71.52825530828301,3.964695056647832,0.8232052245795988,48.83812609107226,1.026800682692456,50.156363191398704
20,12,300,12,10,0.6,48.92739738922235,71.65347740653421,3.9725283326867706,0.8225856654612362,48.92714756615804,1.1669992516716516,50.464135647547245
21,3,300,8,10,0.6,49.06893071964285,71.43728905495138,3.986501215794378,0.8236546171131605,49.06880429757173,1.133288212392474,50.72272403195725
22,15,300,12,10,0.8,49.094487563167405,71.69414531439128,3.990664992461923,0.8223842204629925,49.09432559870997,0.9606513421946274,50.37062532815188
23,24,300,None,10,0.8,49.14721469445866,71.70149690517421,3.9946393407425806,0.822347792789047,49.146914866176246,1.0720275561191834,50.52926957110604
24,6,300,8,10,0.8,49.56295901302503,72.00337740187919,4.0296506760844615,0.8208487269145766,49.562686462515614,1.1300609035347386,51.148394901297216
25,27,300,None,10,1.0,49.93086617896628,72.54242147327253,4.059759551043105,0.8181563000805429,49.93048767383781,0.8116435890554199,50.763839298604225
26,18,300,12,10,1.0,49.94189218199585,72.54568307616314,4.060801192590435,0.8181399478480539,49.941512472485904,0.8146843638027189,50.783709711236206
27,9,300,8,10,1.0,50.2892887514086,72.75280572615003,4.09220336914349,0.8171000208481934,50.28881529886245,0.9499451118915728,51.32007827100708
